publish_date,content_type,title,target_keyword,intent,suggested_words,primary_internal_links,serp_target,status
2026-08-05,Guide,A Practical Guide to Billboard Advertising in Lebanon,billboard advertising Lebanon,Informational and commercial,1400,"/billboards; /solutions/campaign-planning",Featured snippet and PAA,Published in code
2026-08-12,Comparison,Digital vs. Static Billboards: Which Format Should You Choose?,digital vs static billboard,Informational,1300,"/billboards?type=digital; /billboards?type=static",Comparison snippet and PAA,Published in code
2026-08-19,Guide,How to Plan a Nationwide OOH Campaign in Lebanon,OOH media planning Lebanon,Informational and commercial,1600,"/solutions/campaign-planning; /billboards",Featured snippet,Published in code
2026-08-26,Explainer,How to Read Billboard Traffic and Reach Estimates,billboard traffic estimates,Informational,1300,"/billboards; /solutions/audience-targeting",Featured snippet and PAA,Published in code
2026-09-02,Pricing guide,How Much Does Billboard Advertising Cost in Lebanon?,billboard cost Lebanon,Commercial investigation,1800,"/billboards; /contact",Featured snippet and PAA,Planned
2026-09-09,Creative guide,Billboard Creative Guidelines for a Three-Second Glance,billboard creative guidelines,Informational,1600,"/guides; /billboards",Image results and featured snippet,Planned
2026-09-16,Location guide,Planning Billboard Advertising in Beirut,billboard advertising Beirut,Commercial investigation,1800,"/billboards; /solutions/audience-targeting",Local pack and images,Planned
2026-09-23,Checklist,The Outdoor Campaign Brief Template for Brands and Agencies,OOH campaign brief,Informational,1200,"/solutions/brands; /solutions/agencies; /contact",Featured snippet,Planned
2026-09-30,Format guide,Digital Billboard Rotation and Share of Voice Explained,digital billboard rotation,Informational,1400,"/billboards?type=digital; /guides",PAA,Planned
2026-10-07,Measurement guide,How to Measure an OOH Campaign Without Overclaiming Attribution,measure outdoor advertising,Informational,1800,"/blog/billboard-traffic-reach-estimates; /case-studies",Featured snippet,Planned
2026-10-14,Location guide,How to Choose Highway Billboard Locations in Lebanon,highway billboard Lebanon,Commercial investigation,1600,"/billboards; /solutions/campaign-planning",Images and PAA,Planned
2026-10-21,Buyer guide,Questions to Ask an Outdoor Advertising Company in Lebanon,outdoor advertising companies Lebanon,Commercial investigation,1700,"/about; /contact; /billboards",PAA and list results,Planned
