keyword,cluster,intent,funnel,target_page,volume_band_directional,difficulty_directional,priority,serp_opportunity,secondary_terms,recommended_page_action,status
billboard advertising Lebanon,Core marketplace,Commercial,Bottom,/,Medium,High,P1,Organic results and local pack,"outdoor advertising Lebanon; OOH advertising Lebanon","Keep homepage focused on verified nationwide inventory and campaign discovery",Implemented
outdoor advertising Lebanon,Core marketplace,Commercial,Bottom,/,Medium,High,P1,Local pack and list results,"out of home advertising Lebanon; outdoor media Lebanon","Strengthen organization credibility and nationwide coverage copy",Implemented
billboards Lebanon,Inventory,Transactional,Bottom,/billboards,Medium,High,P1,Image results and local pack,"billboard locations Lebanon; available billboards Lebanon","Expose crawlable inventory cards and stable canonical",Implemented
billboard rental Beirut,Local inventory,Transactional,Bottom,/billboards,Low-Medium,Medium,P1,Local pack,"rent billboard Beirut; billboard booking Beirut","Create a dedicated Beirut location landing page when inventory density supports it",Planned
digital billboards Lebanon,Formats,Transactional,Bottom,/billboards?type=digital,Low-Medium,Medium,P1,Image and video results,"LED billboard Lebanon; digital billboard Beirut","Maintain curated digital filter canonical and digital specifications",Implemented
static billboards Lebanon,Formats,Transactional,Bottom,/billboards?type=static,Low,Low-Medium,P2,Image results,"outdoor static billboard Lebanon; printed billboard Beirut","Maintain curated static filter canonical",Implemented
billboard advertising Beirut,Local inventory,Commercial,Bottom,/billboards,Low-Medium,Medium,P1,Local pack and images,"Beirut outdoor advertising; billboard locations Beirut","Create /billboards/beirut after slug architecture is introduced",Planned
billboard cost Lebanon,Pricing,Commercial investigation,Middle,/blog/billboard-advertising-lebanon-guide,Low-Medium,Medium,P1,Featured snippet and PAA,"billboard price Beirut; outdoor advertising cost Lebanon","Publish a transparent pricing methodology and cost factors",Planned
digital billboard price Lebanon,Pricing,Commercial investigation,Middle,/billboards?type=digital,Low,Low-Medium,P2,PAA,"LED screen advertising cost Beirut","Add pricing FAQ and explain rotation versus exclusivity",Planned
outdoor advertising companies Lebanon,Comparison,Commercial investigation,Middle,/about,Medium,High,P2,List results and local pack,"billboard companies Lebanon; OOH agencies Lebanon","Publish buyer guide without unsupported superiority claims",Planned
OOH media planning Lebanon,Planning,Commercial,Middle,/solutions/campaign-planning,Low,Medium,P1,Featured snippet,"outdoor campaign planning Lebanon; billboard media plan","Expand with planning framework and downloadable brief",Implemented
billboard advertising for brands,Solutions,Commercial,Middle,/solutions/brands,Low,Medium,P2,PAA,"brand awareness billboard campaign; outdoor media for brands","Add sector examples and measurable objectives",Implemented
billboard advertising for agencies,Solutions,Commercial,Middle,/solutions/agencies,Low,Medium,P2,PAA,"agency OOH planning; multi-client billboard booking","Add workflow screenshots and proposal use case",Implemented
OOH audience targeting,Solutions,Informational,Middle,/solutions/audience-targeting,Low-Medium,High,P2,Featured snippet,"billboard location targeting; outdoor audience data","Explain movement-based targeting and data limitations",Implemented
how to advertise on billboards in Lebanon,Education,Informational,Top,/blog/billboard-advertising-lebanon-guide,Low,Low-Medium,P1,Featured snippet and PAA,"book a billboard Lebanon; billboard campaign steps","Answer process in numbered steps and link to inventory",Implemented
digital vs static billboard,Format education,Informational,Top,/blog/digital-vs-static-billboards,Medium,High,P1,Featured snippet and PAA,"static vs digital OOH; LED versus printed billboard","Use comparison table and decision framework",Implemented
how to plan an OOH campaign,Planning education,Informational,Top,/blog/plan-nationwide-ooh-campaign-lebanon,Medium,High,P2,Featured snippet and PAA,"outdoor media plan; billboard campaign strategy","Add downloadable planning checklist",Implemented
billboard traffic estimates,Measurement,Informational,Top,/blog/billboard-traffic-reach-estimates,Low-Medium,Medium,P1,Featured snippet,"billboard impressions; billboard reach measurement","Define traffic reach frequency and limitations",Implemented
billboard impressions explained,Measurement,Informational,Top,/blog/billboard-traffic-reach-estimates,Low-Medium,Medium,P2,PAA,"OOH impressions; measure outdoor advertising","Add worked example using monthly traffic",Implemented
billboard creative guidelines,Creative,Informational,Top,/guides,Low-Medium,Medium,P1,Image and featured snippet,"outdoor ad design tips; billboard file specifications","Publish format-specific creative guide",Planned
billboard design size Lebanon,Creative,Informational,Top,/guides,Low,Low-Medium,P2,Image results,"billboard artwork dimensions; LED screen resolution","Build specification tables from verified inventory",Planned
best billboard locations Beirut,Local planning,Commercial investigation,Middle,/billboards,Low,Medium,P2,Local pack and images,"high traffic billboards Beirut; Beirut billboard map","Create evidence-led location guide and avoid unsupported rankings",Planned
billboards Jounieh,Local inventory,Transactional,Bottom,/billboards,Low,Low,P2,Local pack and images,"Jounieh highway billboard; outdoor advertising Jounieh","Create city page when at least three active listings exist",Planned
billboards Tripoli Lebanon,Local inventory,Transactional,Bottom,/billboards,Low,Low,P2,Local pack and images,"Tripoli outdoor advertising; billboard rental Tripoli","Create city page when inventory depth supports unique content",Planned
billboards Saida Lebanon,Local inventory,Transactional,Bottom,/billboards,Low,Low,P3,Local pack and images,"Saida billboard advertising; South Lebanon outdoor ads","Create city page when inventory depth supports unique content",Planned
billboards Zahle Lebanon,Local inventory,Transactional,Bottom,/billboards,Low,Low,P3,Local pack and images,"Zahle billboard advertising; Bekaa outdoor media","Create city page when inventory depth supports unique content",Planned
billboard reservation Lebanon,Booking,Transactional,Bottom,/billboards,Low,Low-Medium,P2,PAA,"reserve billboard online; billboard booking Lebanon","Explain pending approval and conflict validation clearly",Implemented
Lebanon outdoor advertising case study,Proof,Commercial investigation,Middle,/case-studies,Low,Medium,P2,Image and video results,"OOH campaign examples Lebanon; billboard campaign results","Replace placeholder stories with verified client evidence",Planned
billboard media owner platform,Partnership,Commercial,Middle,/partners,Low,Medium,P3,PAA,"list billboard inventory Lebanon; OOH inventory management","Add partner requirements and onboarding process",Implemented
digital out of home Lebanon,Formats,Commercial,Middle,/billboards?type=digital,Low-Medium,High,P2,News and video results,"DOOH Lebanon; programmatic OOH Lebanon","Publish accurate DOOH guide without claiming programmatic capability",Planned
